"","r.squared","adj.r.squared","sigma","statistic","p.value","df","logLik","AIC","BIC","deviance","df.residual","nobs"
"1",0.142191342048226,0.14132761066076,0.494498976075856,164.624493345568,0,35,-24851.677814917,49777.3556298341,50090.2741653493,8499.83628994082,34760,34796
