"","null.deviance","df.null","logLik","AIC","BIC","deviance","df.residual","nobs"
"1",13214.0148139706,132863,-5892.4612497086,11882.9224994172,12362.9794844718,11784.9224994172,132815,132864
