"","r.squared","adj.r.squared","sigma","statistic","p.value","df","logLik","AIC","BIC","deviance","df.residual","nobs"
"1",0.063055868292513,0.0627663338647597,0.312125733444365,217.783663178763,0,54,-44474.969107325,89061.93821465,89625.9368085787,17024.1875504185,174746,174801
