"","r.squared","adj.r.squared","sigma","statistic","p.value","df","logLik","AIC","BIC","deviance","df.residual","nobs"
"1",0.102891591765322,0.102413156462199,0.56661593610354,215.058527440945,0,34,-54257.4697165175,108586.939433035,108913.218966134,20468.1313750709,63753,63788
