"","null.deviance","df.null","logLik","AIC","BIC","deviance","df.residual","nobs"
"1",13325.5798534697,63787,-6149.15918700165,12368.3183740033,12685.5345867387,12298.3183740033,63753,63788
