"","null.deviance","df.null","logLik","AIC","BIC","deviance","df.residual","nobs"
"1",5570.51969886497,34795,-2470.67808851532,5013.35617703063,5317.81745482922,4941.35617703063,34760,34796
