"","r.squared","adj.r.squared","sigma","statistic","p.value","df","logLik","AIC","BIC","deviance","df.residual","nobs"
"1",0.0842209588464336,0.0838899917570584,0.439005739577765,254.469285769224,0,48,-79122.0144693074,158344.028938615,158833.883004997,25596.9089205496,132815,132864
