"","null.deviance","df.null","logLik","AIC","BIC","deviance","df.residual","nobs"
"1",11205.8251238233,174800,-4927.49104909543,9964.98209819087,10518.9092886565,9854.98209819087,174746,174801
