"","null.deviance","df.null","logLik","AIC","BIC","deviance","df.residual","nobs"
"1",7475.75070797279,54369,-3432.82051504874,6941.64103009749,7279.97660688281,6865.64103009749,54332,54370
