"","r.squared","adj.r.squared","sigma","statistic","p.value","df","logLik","AIC","BIC","deviance","df.residual","nobs"
"1",0.0859015121683918,0.0852790126460152,0.503069669938328,137.994502936201,0,37,-39775.0446408734,79628.0892817468,79975.3284263422,13750.2932706539,54332,54370
